lang;time_taken
de;0.10335803031921387
en;0.07533431053161621
fi;0.0685734748840332
fr;0.10429906845092773
pt;0.06892228126525879
token;de;en;fi;fr;pt
A;51643;0;0;0;0
C;0;39487;0;52883;0
D;51643;0;0;0;0
E;0;39487;0;52883;34652
I;0;39486;0;0;0
N;51643;0;0;0;34652
O;0;0;0;0;34651
T;0;0;37549;52883;0
V;0;0;37549;0;0
Ä;0;0;37549;0;0
