lang;time_taken
de;0.09916162490844727
en;0.08005928993225098
fi;0.07401823997497559
fr;0.10879683494567871
pt;0.06816244125366211
token;de;en;fi;fr;pt
A;30986;0;0;31729;0
C;0;23692;0;31729;0
D;30986;0;0;0;0
E;0;23692;22529;31732;20792
H;0;0;0;0;20790
I;30986;23692;0;31729;0
L;30985;0;22530;0;0
N;30986;23691;0;0;20792
O;0;23693;0;0;20791
P;0;0;0;0;20790
T;0;0;22529;31730;0
V;0;0;22529;0;0
Ä;0;0;22530;0;0
